value,botw_trend,totk_trend
0,3353.947106,3828.761673
1,3352.750475,3827.565042
2,3351.554317,3826.368884
3,3350.358633,3825.1732
4,3349.163421,3823.977988
5,3347.968682,3822.783249
6,3346.774416,3821.588983
7,3345.580623,3820.39519
8,3344.387303,3819.20187
9,3343.194456,3818.009023
10,3342.002082,3816.816649
11,3340.810181,3815.624748
12,3339.618753,3814.43332
13,3338.427798,3813.242365
14,3337.237315,3812.051882
15,3336.047306,3810.861873
16,3334.85777,3809.672337
17,3333.668706,3808.483273
18,3332.480116,3807.294683
19,3331.291998,3806.106565
20,3330.104354,3804.918921
21,3328.917182,3803.731749
22,3327.730483,3802.54505
23,3326.544257,3801.358824
24,3325.358504,3800.173071
25,3324.173225,3798.987792
26,3322.988418,3797.802985
27,3321.804084,3796.618651
28,3320.620222,3795.434789
29,3319.436834,3794.251401
30,3318.253919,3793.068486
31,3317.071477,3791.886044
32,3315.889508,3790.704075
33,3314.708011,3789.522578
34,3313.526988,3788.341555
35,3312.346437,3787.161004
36,3311.16636,3785.980927
37,3309.986755,3784.801322
38,3308.807624,3783.622191
39,3307.628965,3782.443532
40,3306.450779,3781.265346
41,3305.273066,3780.087633
42,3304.095827,3778.910394
43,3302.91906,3777.733627
44,3301.742766,3776.557333
45,3300.566945,3775.381512
46,3299.391597,3774.206164
47,3298.216722,3773.031289
48,3297.042319,3771.856886
49,3295.86839,3770.682957
50,3294.694934,3769.509501
51,3293.521951,3768.336518
52,3292.34944,3767.164007
53,3291.177403,3765.99197
54,3290.005838,3764.820405
55,3288.834747,3763.649314
56,3287.664128,3762.478695
57,3286.493982,3761.308549
58,3285.32431,3760.138877
59,3284.15511,3758.969677
60,3282.986383,3757.80095
61,3281.818129,3756.632696
62,3280.650348,3755.464915
63,3279.48304,3754.297607
64,3278.316205,3753.130772
65,3277.149843,3751.96441
66,3275.983954,3750.798521
67,3274.818538,3749.633105
68,3273.653594,3748.468161
69,3272.489124,3747.303691
70,3271.325127,3746.139694
71,3270.161602,3744.976169
72,3268.998551,3743.813118
73,3267.835972,3742.650539
74,3266.673866,3741.488433
75,3265.512234,3740.326801
76,3264.351074,3739.165641
77,3263.190387,3738.004954
78,3262.030173,3736.84474
79,3260.870432,3735.684999
80,3259.711165,3734.525732
81,3258.55237,3733.366937
82,3257.394047,3732.208614
83,3256.236198,3731.050765
84,3255.078822,3729.893389
85,3253.921919,3728.736486
86,3252.765489,3727.580056
87,3251.609531,3726.424098
88,3250.454047,3725.268614
89,3249.299036,3724.113603
90,3248.144497,3722.959064
91,3246.990432,3721.804999
92,3245.836839,3720.651406
93,3244.683719,3719.498286
94,3243.531073,3718.34564
95,3242.378899,3717.193466
96,3241.227198,3716.041765
97,3240.07597,3714.890537
98,3238.925215,3713.739782
99,3237.774933,3712.5895
100,3236.625124,3711.439691
101,3235.475788,3710.290355
102,3234.326925,3709.141492
103,3233.178535,3707.993102
104,3232.030617,3706.845184
105,3230.883173,3705.69774
106,3229.736202,3704.550769
107,3228.589703,3703.40427
108,3227.443678,3702.258245
109,3226.298125,3701.112692
110,3225.153046,3699.967613
111,3224.008439,3698.823006
112,3222.864305,3697.678872
113,3221.720644,3696.535211
114,3220.577457,3695.392024
115,3219.434742,3694.249309
116,3218.2925,3693.107067
117,3217.150731,3691.965298
118,3216.009435,3690.824002
119,3214.868612,3689.683179
120,3213.728261,3688.542828
121,3212.588384,3687.402951
122,3211.44898,3686.263547
123,3210.310049,3685.124616
124,3209.17159,3683.986157
125,3208.033605,3682.848172
126,3206.896092,3681.710659
127,3205.759053,3680.57362
128,3204.622486,3679.437053
129,3203.486393,3678.30096
130,3202.350772,3677.165339
131,3201.215624,3676.030191
132,3200.080949,3674.895516
133,3198.946747,3673.761314
134,3197.813019,3672.627586
135,3196.679763,3671.49433
136,3195.54698,3670.361547
137,3194.414669,3669.229236
138,3193.282832,3668.097399
139,3192.151468,3666.966035
140,3191.020577,3665.835144
141,3189.890158,3664.704725
142,3188.760213,3663.57478
143,3187.630741,3662.445308
144,3186.501741,3661.316308
145,3185.373215,3660.187782
146,3184.245161,3659.059728
147,3183.11758,3657.932147
148,3181.990473,3656.80504
149,3180.863838,3655.678405
150,3179.737676,3654.552243
151,3178.611987,3653.426554
152,3177.486771,3652.301338
153,3176.362028,3651.176595
154,3175.237758,3650.052325
155,3174.113961,3648.928528
156,3172.990637,3647.805204
157,3171.867786,3646.682353
158,3170.745408,3645.559975
159,3169.623502,3644.438069
160,3168.50207,3643.316637
161,3167.381111,3642.195678
162,3166.260624,3641.075191
163,3165.140611,3639.955178
164,3164.02107,3638.835637
165,3162.902002,3637.716569
166,3161.783408,3636.597975
167,3160.665286,3635.479853
168,3159.547637,3634.362204
169,3158.430461,3633.245028
170,3157.313758,3632.128325
171,3156.197528,3631.012095
172,3155.081771,3629.896338
173,3153.966487,3628.781054
174,3152.851676,3627.666243
175,3151.737338,3626.551905
176,3150.623473,3625.43804
177,3149.51008,3624.324647
178,3148.397161,3623.211728
179,3147.284715,3622.099282
180,3146.172741,3620.987308
181,3145.061241,3619.875808
182,3143.950213,3618.76478
183,3142.839658,3617.654225
184,3141.729577,3616.544144
185,3140.619968,3615.434535
186,3139.510832,3614.325399
187,3138.402169,3613.216736
188,3137.293979,3612.108546
189,3136.186263,3611.00083
190,3135.079019,3609.893586
191,3133.972247,3608.786814
192,3132.865949,3607.680516
193,3131.760124,3606.574691
194,3130.654772,3605.469339
195,3129.549893,3604.36446
196,3128.445486,3603.260053
197,3127.341553,3602.15612
198,3126.238092,3601.052659
199,3125.135105,3599.949672
200,3124.03259,3598.847157
201,3122.930549,3597.745116
202,3121.82898,3596.643547
203,3120.727884,3595.542451
204,3119.627261,3594.441828
205,3118.527112,3593.341679
206,3117.427435,3592.242002
207,3116.328231,3591.142798
208,3115.2295,3590.044067
209,3114.131242,3588.945809
210,3113.033457,3587.848024
211,3111.936144,3586.750711
212,3110.839305,3585.653872
213,3109.742939,3584.557506
214,3108.647046,3583.461613
215,3107.551625,3582.366192
216,3106.456678,3581.271245
217,3105.362203,3580.17677
218,3104.268202,3579.082769
219,3103.174673,3577.98924
220,3102.081617,3576.896184
221,3100.989035,3575.803602
222,3099.896925,3574.711492
223,3098.805288,3573.619855
224,3097.714124,3572.528691
225,3096.623433,3571.438
226,3095.533215,3570.347782
227,3094.44347,3569.258037
228,3093.354198,3568.168765
229,3092.265399,3567.079966
230,3091.177072,3565.991639
231,3090.089219,3564.903786
232,3089.001839,3563.816406
233,3087.914931,3562.729498
234,3086.828497,3561.643064
235,3085.742536,3560.557103
236,3084.657047,3559.471614
237,3083.572031,3558.386598
238,3082.487489,3557.302056
239,3081.403419,3556.217986
240,3080.319822,3555.134389
241,3079.236698,3554.051265
242,3078.154047,3552.968614
243,3077.07187,3551.886437
244,3075.990165,3550.804732
245,3074.908932,3549.723499
246,3073.828173,3548.64274
247,3072.747887,3547.562454
248,3071.668074,3546.482641
249,3070.588734,3545.403301
250,3069.509866,3544.324433
251,3068.431472,3543.246039
252,3067.353551,3542.168118
253,3066.276102,3541.090669
254,3065.199126,3540.013693
255,3064.122624,3538.937191
256,3063.046594,3537.861161
257,3061.971037,3536.785604
258,3060.895954,3535.710521
259,3059.821343,3534.63591
260,3058.747205,3533.561772
261,3057.67354,3532.488107
262,3056.600348,3531.414915
263,3055.527629,3530.342196
264,3054.455383,3529.26995
265,3053.38361,3528.198177
266,3052.31231,3527.126877
267,3051.241482,3526.056049
268,3050.171128,3524.985695
269,3049.101247,3523.915814
270,3048.031838,3522.846405
271,3046.962903,3521.77747
272,3045.89444,3520.709007
273,3044.826451,3519.641018
274,3043.758934,3518.573501
275,3042.69189,3517.506457
276,3041.625319,3516.439886
277,3040.559222,3515.373789
278,3039.493597,3514.308164
279,3038.428445,3513.243012
280,3037.363766,3512.178333
281,3036.29956,3511.114127
282,3035.235827,3510.050394
283,3034.172566,3508.987133
284,3033.109779,3507.924346
285,3032.047465,3506.862032
286,3030.985624,3505.800191
287,3029.924255,3504.738822
288,3028.86336,3503.677927
289,3027.802937,3502.617504
290,3026.742988,3501.557555
291,3025.683511,3500.498078
292,3024.624508,3499.439075
293,3023.565977,3498.380544
294,3022.507919,3497.322486
295,3021.450334,3496.264901
296,3020.393222,3495.207789
297,3019.336584,3494.151151
298,3018.280418,3493.094985
299,3017.224724,3492.039291
300,3016.169504,3490.984071
301,3015.114757,3489.929324
302,3014.060483,3488.87505
303,3013.006682,3487.821249
304,3011.953353,3486.76792
305,3010.900498,3485.715065
306,3009.848116,3484.662683
307,3008.796206,3483.610773
308,3007.74477,3482.559337
309,3006.693806,3481.508373
310,3005.643315,3480.457882
311,3004.593298,3479.407865
312,3003.543753,3478.35832
313,3002.494681,3477.309248
314,3001.446082,3476.260649
315,3000.397956,3475.212523
316,2999.350303,3474.16487
317,2998.303123,3473.11769
318,2997.256416,3472.070983
319,2996.210182,3471.024749
320,2995.164421,3469.978988
321,2994.119133,3468.9337
322,2993.074317,3467.888884
323,2992.029975,3466.844542
324,2990.986106,3465.800673
325,2989.942709,3464.757276
326,2988.899786,3463.714353
327,2987.857335,3462.671902
328,2986.815357,3461.629924
329,2985.773853,3460.58842
330,2984.732821,3459.547388
331,2983.692262,3458.506829
332,2982.652176,3457.466743
333,2981.612563,3456.42713
334,2980.573423,3455.38799
335,2979.534756,3454.349323
336,2978.496562,3453.311129
337,2977.458841,3452.273408
338,2976.421593,3451.23616
339,2975.384818,3450.199385
340,2974.348515,3449.163082
341,2973.312686,3448.127253
342,2972.27733,3447.091897
343,2971.242446,3446.057013
344,2970.208036,3445.022603
345,2969.174098,3443.988665
346,2968.140633,3442.9552
347,2967.107642,3441.922209
348,2966.075123,3440.88969
349,2965.043077,3439.857644
350,2964.011504,3438.826071
351,2962.980404,3437.794971
352,2961.949778,3436.764345
353,2960.919624,3435.734191
354,2959.889942,3434.704509
355,2958.860734,3433.675301
356,2957.831999,3432.646566
357,2956.803737,3431.618304
358,2955.775948,3430.590515
359,2954.748631,3429.563198
360,2953.721788,3428.536355
361,2952.695417,3427.509984
362,2951.66952,3426.484087
363,2950.644095,3425.458662
364,2949.619144,3424.433711
365,2948.594665,3423.409232
366,2947.570659,3422.385226
367,2946.547126,3421.361693
368,2945.524067,3420.338634
369,2944.50148,3419.316047
370,2943.479366,3418.293933
371,2942.457725,3417.272292
372,2941.436557,3416.251124
373,2940.415862,3415.230429
374,2939.395639,3414.210206
375,2938.37589,3413.190457
376,2937.356614,3412.171181
377,2936.337811,3411.152378
378,2935.31948,3410.134047
379,2934.301623,3409.11619
380,2933.284238,3408.098805
381,2932.267327,3407.081894
382,2931.250888,3406.065455
383,2930.234922,3405.049489
384,2929.21943,3404.033997
385,2928.20441,3403.018977
386,2927.189863,3402.00443
387,2926.175789,3400.990356
388,2925.162188,3399.976755
389,2924.14906,3398.963627
390,2923.136405,3397.950972
391,2922.124223,3396.93879
392,2921.112514,3395.927081
393,2920.101277,3394.915844
394,2919.090514,3393.905081
395,2918.080224,3392.894791
396,2917.070406,3391.884973
397,2916.061062,3390.875629
398,2915.052191,3389.866758
399,2914.043792,3388.858359
400,2913.035866,3387.850433
401,2912.028414,3386.842981
402,2911.021434,3385.836001
403,2910.014927,3384.829494
404,2909.008893,3383.82346
405,2908.003332,3382.817899
406,2906.998245,3381.812812
407,2905.99363,3380.808197
408,2904.989487,3379.804054
409,2903.985818,3378.800385
410,2902.982622,3377.797189
411,2901.979899,3376.794466
412,2900.977649,3375.792216
413,2899.975871,3374.790438
414,2898.974567,3373.789134
415,2897.973736,3372.788303
416,2896.973377,3371.787944
417,2895.973491,3370.788058
418,2894.974079,3369.788646
419,2893.975139,3368.789706
420,2892.976673,3367.79124
421,2891.978679,3366.793246
422,2890.981158,3365.795725
423,2889.98411,3364.798677
424,2888.987535,3363.802102
425,2887.991433,3362.806
426,2886.995804,3361.810371
427,2886.000648,3360.815215
428,2885.005965,3359.820532
429,2884.011755,3358.826322
430,2883.018017,3357.832584
431,2882.024753,3356.83932
432,2881.031962,3355.846529
433,2880.039643,3354.85421
434,2879.047798,3353.862365
435,2878.056425,3352.870992
436,2877.065526,3351.880093
437,2876.075099,3350.889666
438,2875.085145,3349.899712
439,2874.095664,3348.910231
440,2873.106657,3347.921224
441,2872.118122,3346.932689
442,2871.13006,3345.944627
443,2870.142471,3344.957038
444,2869.155355,3343.969922
445,2868.168712,3342.983279
446,2867.182541,3341.997108
447,2866.196844,3341.011411
448,2865.21162,3340.026187
449,2864.226869,3339.041436
450,2863.24259,3338.057157
451,2862.258785,3337.073352
452,2861.275452,3336.090019
453,2860.292593,3335.10716
454,2859.310206,3334.124773
455,2858.328293,3333.14286
456,2857.346852,3332.161419
457,2856.365884,3331.180451
458,2855.385389,3330.199956
459,2854.405367,3329.219934
460,2853.425819,3328.240386
461,2852.446743,3327.26131
462,2851.468139,3326.282706
463,2850.490009,3325.304576
464,2849.512352,3324.326919
465,2848.535168,3323.349735
466,2847.558457,3322.373024
467,2846.582218,3321.396785
468,2845.606453,3320.42102
469,2844.631161,3319.445728
470,2843.656341,3318.470908
471,2842.681995,3317.496562
472,2841.708121,3316.522688
473,2840.73472,3315.549287
474,2839.761793,3314.57636
475,2838.789338,3313.603905
476,2837.817356,3312.631923
477,2836.845847,3311.660414
478,2835.874811,3310.689378
479,2834.904248,3309.718815
480,2833.934158,3308.748725
481,2832.964541,3307.779108
482,2831.995397,3306.809964
483,2831.026726,3305.841293
484,2830.058528,3304.873095
485,2829.090802,3303.905369
486,2828.12355,3302.938117
487,2827.156771,3301.971338
488,2826.190464,3301.005031
489,2825.224631,3300.039198
490,2824.25927,3299.073837
491,2823.294382,3298.108949
492,2822.329968,3297.144535
493,2821.366026,3296.180593
494,2820.402557,3295.217124
495,2819.439561,3294.254128
496,2818.477038,3293.291605
497,2817.514988,3292.329555
498,2816.553411,3291.367978
499,2815.592307,3290.406874
500,2814.631676,3289.446243
501,2813.671518,3288.486085
502,2812.711833,3287.5264
503,2811.75262,3286.567187
504,2810.793881,3285.608448
505,2809.835615,3284.650182
506,2808.877821,3283.692388
507,2807.920501,3282.735068
508,2806.963653,3281.77822
509,2806.007278,3280.821845
510,2805.051377,3279.865944
511,2804.095948,3278.910515
512,2803.140992,3277.955559
513,2802.186509,3277.001076
514,2801.2325,3276.047067
515,2800.278963,3275.09353
516,2799.325899,3274.140466
517,2798.373307,3273.187874
518,2797.421189,3272.235756
519,2796.469544,3271.284111
520,2795.518372,3270.332939
521,2794.567673,3269.38224
522,2793.617446,3268.432013
523,2792.667693,3267.48226
524,2791.718412,3266.532979
525,2790.769605,3265.584172
526,2789.82127,3264.635837
527,2788.873409,3263.687976
528,2787.92602,3262.740587
529,2786.979104,3261.793671
530,2786.032661,3260.847228
531,2785.086692,3259.901259
532,2784.141195,3258.955762
533,2783.196171,3258.010738
534,2782.25162,3257.066187
535,2781.307542,3256.122109
536,2780.363937,3255.178504
537,2779.420804,3254.235371
538,2778.478145,3253.292712
539,2777.535959,3252.350526
540,2776.594246,3251.408813
541,2775.653005,3250.467572
542,2774.712238,3249.526805
543,2773.771943,3248.58651
544,2772.832122,3247.646689
545,2771.892773,3246.70734
546,2770.953897,3245.768464
547,2770.015495,3244.830062
548,2769.077565,3243.892132
549,2768.140108,3242.954675
550,2767.203124,3242.017691
551,2766.266613,3241.08118
552,2765.330575,3240.145142
553,2764.39501,3239.209577
554,2763.459918,3238.274485
555,2762.525299,3237.339866
556,2761.591153,3236.40572
557,2760.657479,3235.472046
558,2759.724279,3234.538846
559,2758.791552,3233.606119
560,2757.859297,3232.673864
561,2756.927516,3231.742083
562,2755.996207,3230.810774
563,2755.065371,3229.879938
564,2754.135009,3228.949576
565,2753.205119,3228.019686
566,2752.275702,3227.090269
567,2751.346758,3226.161325
568,2750.418287,3225.232854
569,2749.49029,3224.304857
570,2748.562765,3223.377332
571,2747.635712,3222.450279
572,2746.709133,3221.5237
573,2745.783027,3220.597594
574,2744.857394,3219.671961
575,2743.932234,3218.746801
576,2743.007546,3217.822113
577,2742.083332,3216.897899
578,2741.159591,3215.974158
579,2740.236322,3215.050889
580,2739.313527,3214.128094
581,2738.391204,3213.205771
582,2737.469354,3212.283921
583,2736.547978,3211.362545
584,2735.627074,3210.441641
585,2734.706643,3209.52121
586,2733.786685,3208.601252
587,2732.8672,3207.681767
588,2731.948188,3206.762755
589,2731.029649,3205.844216
590,2730.111583,3204.92615
591,2729.19399,3204.008557
592,2728.27687,3203.091437
593,2727.360222,3202.174789
594,2726.444048,3201.258615
595,2725.528347,3200.342914
596,2724.613118,3199.427685
597,2723.698363,3198.51293
598,2722.78408,3197.598647
599,2721.870271,3196.684838
600,2720.956934,3195.771501
601,2720.04407,3194.858637
602,2719.131679,3193.946246
603,2718.219762,3193.034329
604,2717.308317,3192.122884
605,2716.397345,3191.211912
606,2715.486846,3190.301413
607,2714.57682,3189.391387
608,2713.667267,3188.481834
609,2712.758186,3187.572753
610,2711.849579,3186.664146
611,2710.941445,3185.756012
612,2710.033784,3184.848351
613,2709.126595,3183.941162
614,2708.21988,3183.034447
615,2707.313637,3182.128204
616,2706.407868,3181.222435
617,2705.502571,3180.317138
618,2704.597748,3179.412315
619,2703.693397,3178.507964
620,2702.789519,3177.604086
621,2701.886114,3176.700681
622,2700.983182,3175.797749
623,2700.080724,3174.895291
624,2699.178738,3173.993305
625,2698.277225,3173.091792
626,2697.376184,3172.190751
627,2696.475617,3171.290184
628,2695.575523,3170.39009
629,2694.675902,3169.490469
630,2693.776754,3168.591321
631,2692.878078,3167.692645
632,2691.979876,3166.794443
633,2691.082146,3165.896713
634,2690.18489,3164.999457
635,2689.288106,3164.102673
636,2688.391795,3163.206362
637,2687.495958,3162.310525
638,2686.600593,3161.41516
639,2685.705701,3160.520268
640,2684.811282,3159.625849
641,2683.917336,3158.731903
642,2683.023863,3157.83843
643,2682.130863,3156.94543
644,2681.238336,3156.052903
645,2680.346282,3155.160849
646,2679.454701,3154.269268
647,2678.563593,3153.37816
648,2677.672957,3152.487524
649,2676.782795,3151.597362
650,2675.893106,3150.707673
651,2675.003889,3149.818456
652,2674.115146,3148.929713
653,2673.226875,3148.041442
654,2672.339077,3147.153644
655,2671.451753,3146.26632
656,2670.564901,3145.379468
657,2669.678522,3144.493089
658,2668.792616,3143.607183
659,2667.907183,3142.72175
660,2667.022223,3141.83679
661,2666.137736,3140.952303
662,2665.253722,3140.068289
663,2664.370181,3139.184748
664,2663.487113,3138.30168
665,2662.604518,3137.419085
666,2661.722395,3136.536962
667,2660.840746,3135.655313
668,2659.95957,3134.774137
669,2659.078866,3133.893433
670,2658.198636,3133.013203
671,2657.318878,3132.133445
672,2656.439594,3131.254161
673,2655.560782,3130.375349
674,2654.682443,3129.49701
675,2653.804577,3128.619144
676,2652.927184,3127.741751
677,2652.050265,3126.864832
678,2651.173818,3125.988385
679,2650.297844,3125.112411
680,2649.422342,3124.236909
681,2648.547314,3123.361881
682,2647.672759,3122.487326
683,2646.798677,3121.613244
684,2645.925068,3120.739635
685,2645.051931,3119.866498
686,2644.179268,3118.993835
687,2643.307077,3118.121644
688,2642.43536,3117.249927
689,2641.564115,3116.378682
690,2640.693344,3115.507911
691,2639.823045,3114.637612
692,2638.953219,3113.767786
693,2638.083866,3112.898433
694,2637.214987,3112.029554
695,2636.34658,3111.161147
696,2635.478646,3110.293213
697,2634.611185,3109.425752
698,2633.744197,3108.558764
699,2632.877682,3107.692249
700,2632.011639,3106.826206
701,2631.14607,3105.960637
702,2630.280974,3105.095541
703,2629.416351,3104.230918
704,2628.5522,3103.366767
705,2627.688523,3102.50309
706,2626.825318,3101.639885
707,2625.962587,3100.777154
708,2625.100328,3099.914895
709,2624.238542,3099.053109
710,2623.37723,3098.191797
711,2622.51639,3097.330957
712,2621.656023,3096.47059
713,2620.796129,3095.610696
714,2619.936708,3094.751275
715,2619.07776,3093.892327
716,2618.219285,3093.033852
717,2617.361283,3092.17585
718,2616.503754,3091.318321
719,2615.646698,3090.461265
720,2614.790114,3089.604681
721,2613.934004,3088.748571
722,2613.078367,3087.892934
723,2612.223202,3087.037769
724,2611.368511,3086.183078
725,2610.514292,3085.328859
726,2609.660546,3084.475113
727,2608.807274,3083.621841
728,2607.954474,3082.769041
729,2607.102147,3081.916714
730,2606.250293,3081.06486
731,2605.398913,3080.21348
732,2604.548005,3079.362572
733,2603.69757,3078.512137
734,2602.847608,3077.662175
735,2601.998118,3076.812685
736,2601.149102,3075.963669
737,2600.300559,3075.115126
738,2599.452489,3074.267056
739,2598.604891,3073.419458
740,2597.757767,3072.572334
741,2596.911116,3071.725683
742,2596.064937,3070.879504
743,2595.219232,3070.033799
744,2594.373999,3069.188566
745,2593.529239,3068.343806
746,2592.684953,3067.49952
747,2591.841139,3066.655706
748,2590.997798,3065.812365
749,2590.15493,3064.969497
750,2589.312535,3064.127102
751,2588.470613,3063.28518
752,2587.629164,3062.443731
753,2586.788188,3061.602755
754,2585.947685,3060.762252
755,2585.107655,3059.922222
756,2584.268097,3059.082664
757,2583.429013,3058.24358
758,2582.590402,3057.404969
759,2581.752263,3056.56683
760,2580.914598,3055.729165
761,2580.077405,3054.891972
762,2579.240686,3054.055253
763,2578.404439,3053.219006
764,2577.568665,3052.383232
765,2576.733364,3051.547931
766,2575.898537,3050.713104
767,2575.064182,3049.878749
768,2574.2303,3049.044867
769,2573.396891,3048.211458
770,2572.563955,3047.378522
771,2571.731492,3046.546059
772,2570.899502,3045.714069
773,2570.067984,3044.882551
774,2569.23694,3044.051507
775,2568.406369,3043.220936
776,2567.57627,3042.390837
777,2566.746645,3041.561212
778,2565.917492,3040.732059
779,2565.088813,3039.90338
780,2564.260606,3039.075173
781,2563.432873,3038.24744
782,2562.605612,3037.420179
783,2561.778824,3036.593391
784,2560.952509,3035.767076
785,2560.126668,3034.941235
786,2559.301299,3034.115866
787,2558.476403,3033.29097
788,2557.65198,3032.466547
789,2556.828029,3031.642596
790,2556.004552,3030.819119
791,2555.181548,3029.996115
792,2554.359017,3029.173584
793,2553.536959,3028.351526
794,2552.715373,3027.52994
795,2551.894261,3026.708828
796,2551.073621,3025.888188
797,2550.253455,3025.068022
798,2549.433761,3024.248328
799,2548.614541,3023.429108
800,2547.795793,3022.61036
801,2546.977518,3021.792085
802,2546.159716,3020.974283
803,2545.342387,3020.156954
804,2544.525531,3019.340098
805,2543.709148,3018.523715
806,2542.893238,3017.707805
807,2542.077801,3016.892368
808,2541.262837,3016.077404
809,2540.448346,3015.262913
810,2539.634328,3014.448895
811,2538.820782,3013.635349
812,2538.00771,3012.822277
813,2537.195111,3012.009678
814,2536.382984,3011.197551
815,2535.571331,3010.385898
816,2534.76015,3009.574717
817,2533.949442,3008.764009
818,2533.139208,3007.953775
819,2532.329446,3007.144013
820,2531.520157,3006.334724
821,2530.711341,3005.525908
822,2529.902998,3004.717565
823,2529.095128,3003.909695
824,2528.287731,3003.102298
825,2527.480807,3002.295374
826,2526.674356,3001.488923
827,2525.868378,3000.682945
828,2525.062873,2999.87744
829,2524.257841,2999.072408
830,2523.453281,2998.267848
831,2522.649195,2997.463762
832,2521.845581,2996.660148
833,2521.042441,2995.857008
834,2520.239773,2995.05434
835,2519.437579,2994.252146
836,2518.635857,2993.450424
837,2517.834608,2992.649175
838,2517.033832,2991.848399
839,2516.233529,2991.048096
840,2515.4337,2990.248267
841,2514.634343,2989.44891
842,2513.835459,2988.650026
843,2513.037048,2987.851615
844,2512.239109,2987.053676
845,2511.441644,2986.256211
846,2510.644652,2985.459219
847,2509.848133,2984.6627
848,2509.052086,2983.866653
849,2508.256513,2983.07108
850,2507.461412,2982.275979
851,2506.666785,2981.481352
852,2505.87263,2980.687197
853,2505.078949,2979.893516
854,2504.28574,2979.100307
855,2503.493004,2978.307571
856,2502.700742,2977.515309
857,2501.908952,2976.723519
858,2501.117635,2975.932202
859,2500.326791,2975.141358
860,2499.53642,2974.350987
861,2498.746522,2973.561089
862,2497.957097,2972.771664
863,2497.168144,2971.982711
864,2496.379665,2971.194232
865,2495.591659,2970.406226
866,2494.804126,2969.618693
867,2494.017065,2968.831632
868,2493.230478,2968.045045
869,2492.444363,2967.25893
870,2491.658722,2966.473289
871,2490.873553,2965.68812
872,2490.088857,2964.903424
873,2489.304635,2964.119202
874,2488.520885,2963.335452
875,2487.737608,2962.552175
876,2486.954804,2961.769371
877,2486.172473,2960.98704
878,2485.390615,2960.205182
879,2484.60923,2959.423797
880,2483.828318,2958.642885
881,2483.047879,2957.862446
882,2482.267913,2957.08248
883,2481.488419,2956.302986
884,2480.709399,2955.523966
885,2479.930852,2954.745419
886,2479.152777,2953.967344
887,2478.375176,2953.189743
888,2477.598047,2952.412614
889,2476.821391,2951.635958
890,2476.045209,2950.859776
891,2475.269499,2950.084066
892,2474.494262,2949.308829
893,2473.719498,2948.534065
894,2472.945208,2947.759775
895,2472.17139,2946.985957
896,2471.398045,2946.212612
897,2470.625173,2945.43974
898,2469.852773,2944.66734
899,2469.080847,2943.895414
900,2468.309394,2943.123961
901,2467.538414,2942.352981
902,2466.767906,2941.582473
903,2465.997872,2940.812439
904,2465.228311,2940.042878
905,2464.459222,2939.273789
906,2463.690607,2938.505174
907,2462.922464,2937.737031
908,2462.154794,2936.969361
909,2461.387598,2936.202165
910,2460.620874,2935.435441
911,2459.854623,2934.66919
912,2459.088845,2933.903412
913,2458.32354,2933.138107
914,2457.558708,2932.373275
915,2456.794349,2931.608916
916,2456.030463,2930.84503
917,2455.26705,2930.081617
918,2454.50411,2929.318677
919,2453.741642,2928.556209
920,2452.979648,2927.794215
921,2452.218127,2927.032694
922,2451.457078,2926.271645
923,2450.696503,2925.51107
924,2449.9364,2924.750967
925,2449.176771,2923.991338
926,2448.417614,2923.232181
927,2447.65893,2922.473497
928,2446.900719,2921.715286
929,2446.142982,2920.957549
930,2445.385717,2920.200284
931,2444.628925,2919.443492
932,2443.872606,2918.687173
933,2443.11676,2917.931327
934,2442.361387,2917.175954
935,2441.606487,2916.421054
936,2440.852059,2915.666626
937,2440.098105,2914.912672
938,2439.344624,2914.159191
939,2438.591615,2913.406182
940,2437.83908,2912.653647
941,2437.087017,2911.901584
942,2436.335428,2911.149995
943,2435.584311,2910.398878
944,2434.833668,2909.648235
945,2434.083497,2908.898064
946,2433.333799,2908.148366
947,2432.584574,2907.399141
948,2431.835823,2906.65039
949,2431.087544,2905.902111
950,2430.339738,2905.154305
951,2429.592405,2904.406972
952,2428.845545,2903.660112
953,2428.099157,2902.913724
954,2427.353243,2902.16781
955,2426.607802,2901.422369
956,2425.862834,2900.677401
957,2425.118338,2899.932905
958,2424.374316,2899.188883
959,2423.630766,2898.445333
960,2422.88769,2897.702257
961,2422.145086,2896.959653
962,2421.402956,2896.217523
963,2420.661298,2895.475865
964,2419.920113,2894.73468
965,2419.179401,2893.993968
966,2418.439162,2893.253729
967,2417.699397,2892.513964
968,2416.960104,2891.774671
969,2416.221284,2891.035851
970,2415.482936,2890.297503
971,2414.745062,2889.559629
972,2414.007661,2888.822228
973,2413.270733,2888.0853
974,2412.534278,2887.348845
975,2411.798295,2886.612862
976,2411.062786,2885.877353
977,2410.327749,2885.142316
978,2409.593186,2884.407753
979,2408.859095,2883.673662
980,2408.125478,2882.940045
981,2407.392333,2882.2069
982,2406.659661,2881.474228
983,2405.927462,2880.742029
984,2405.195736,2880.010303
985,2404.464484,2879.279051
986,2403.733704,2878.548271
987,2403.003397,2877.817964
988,2402.273562,2877.088129
989,2401.544201,2876.358768
990,2400.815313,2875.62988
991,2400.086898,2874.901465
992,2399.358956,2874.173523
993,2398.631486,2873.446053
994,2397.90449,2872.719057
995,2397.177966,2871.992533
996,2396.451916,2871.266483
997,2395.726338,2870.540905
998,2395.001234,2869.815801
999,2394.276602,2869.091169
1000,2393.552443,2868.36701
1001,2392.828757,2867.643324
1002,2392.105545,2866.920112
1003,2391.382805,2866.197372
1004,2390.660538,2865.475105
1005,2389.938744,2864.753311
1006,2389.217423,2864.03199
1007,2388.496574,2863.311141
1008,2387.776199,2862.590766
1009,2387.056297,2861.870864
1010,2386.336868,2861.151435
1011,2385.617911,2860.432478
1012,2384.899428,2859.713995
1013,2384.181418,2858.995985
1014,2383.46388,2858.278447
1015,2382.746815,2857.561382
1016,2382.030224,2856.844791
1017,2381.314105,2856.128672
1018,2380.598459,2855.413026
1019,2379.883287,2854.697854
1020,2379.168587,2853.983154
1021,2378.45436,2853.268927
1022,2377.740606,2852.555173
1023,2377.027325,2851.841892
1024,2376.314517,2851.129084
1025,2375.602182,2850.416749
1026,2374.89032,2849.704887
1027,2374.17893,2848.993497
1028,2373.468014,2848.282581
1029,2372.757571,2847.572138
1030,2372.0476,2846.862167
1031,2371.338103,2846.15267
1032,2370.629078,2845.443645
1033,2369.920527,2844.735094
1034,2369.212448,2844.027015
1035,2368.504842,2843.319409
1036,2367.79771,2842.612277
1037,2367.09105,2841.905617
1038,2366.384863,2841.19943
1039,2365.679149,2840.493716
1040,2364.973908,2839.788475
1041,2364.26914,2839.083707
1042,2363.564845,2838.379412
1043,2362.861023,2837.67559
1044,2362.157674,2836.972241
1045,2361.454798,2836.269365
1046,2360.752394,2835.566961
1047,2360.050464,2834.865031
1048,2359.349007,2834.163574
1049,2358.648022,2833.462589
1050,2357.947511,2832.762078
1051,2357.247472,2832.062039
1052,2356.547907,2831.362474
1053,2355.848814,2830.663381
1054,2355.150194,2829.964761
1055,2354.452047,2829.266614
1056,2353.754374,2828.568941
1057,2353.057173,2827.87174
1058,2352.360445,2827.175012
1059,2351.66419,2826.478757
1060,2350.968408,2825.782975
1061,2350.273099,2825.087666
1062,2349.578262,2824.392829
1063,2348.883899,2823.698466
1064,2348.190009,2823.004576
1065,2347.496592,2822.311159
1066,2346.803647,2821.618214
1067,2346.111176,2820.925743
1068,2345.419177,2820.233744
1069,2344.727652,2819.542219
1070,2344.036599,2818.851166
1071,2343.346019,2818.160586
1072,2342.655913,2817.47048
1073,2341.966279,2816.780846
1074,2341.277118,2816.091685
1075,2340.58843,2815.402997
1076,2339.900215,2814.714782
1077,2339.212473,2814.02704
1078,2338.525204,2813.339771
1079,2337.838408,2812.652975
1080,2337.152085,2811.966652
1081,2336.466235,2811.280802
1082,2335.780857,2810.595424
1083,2335.095953,2809.91052
1084,2334.411522,2809.226089
1085,2333.727563,2808.54213
1086,2333.044078,2807.858645
1087,2332.361065,2807.175632
1088,2331.678526,2806.493093
1089,2330.996459,2805.811026
1090,2330.314865,2805.129432
1091,2329.633745,2804.448312
1092,2328.953097,2803.767664
1093,2328.272922,2803.087489
1094,2327.59322,2802.407787
1095,2326.913991,2801.728558
1096,2326.235235,2801.049802
1097,2325.556952,2800.371519
1098,2324.879142,2799.693709
1099,2324.201804,2799.016371
1100,2323.52494,2798.339507
1101,2322.848549,2797.663116
1102,2322.17263,2796.987197
1103,2321.497185,2796.311752
1104,2320.822213,2795.63678
1105,2320.147713,2794.96228
1106,2319.473686,2794.288253
1107,2318.800133,2793.6147
1108,2318.127052,2792.941619
1109,2317.454444,2792.269011
1110,2316.78231,2791.596877
1111,2316.110648,2790.925215
1112,2315.439459,2790.254026
1113,2314.768743,2789.58331
1114,2314.0985,2788.913067
1115,2313.42873,2788.243297
1116,2312.759432,2787.573999
1117,2312.090608,2786.905175
1118,2311.422257,2786.236824
1119,2310.754379,2785.568946
1120,2310.086973,2784.90154
1121,2309.420041,2784.234608
1122,2308.753581,2783.568148
1123,2308.087595,2782.902162
1124,2307.422081,2782.236648
1125,2306.757041,2781.571608
1126,2306.092473,2780.90704
1127,2305.428378,2780.242945
1128,2304.764756,2779.579323
1129,2304.101608,2778.916175
1130,2303.438932,2778.253499
1131,2302.776729,2777.591296
1132,2302.114999,2776.929566
1133,2301.453742,2776.268309
1134,2300.792957,2775.607524
1135,2300.132646,2774.947213
1136,2299.472808,2774.287375
1137,2298.813443,2773.62801
1138,2298.15455,2772.969117
1139,2297.496131,2772.310698
1140,2296.838184,2771.652751
1141,2296.180711,2770.995278
1142,2295.52371,2770.338277
1143,2294.867183,2769.68175
1144,2294.211128,2769.025695
1145,2293.555546,2768.370113
1146,2292.900437,2767.715004
1147,2292.245802,2767.060369
1148,2291.591639,2766.406206
1149,2290.937949,2765.752516
1150,2290.284732,2765.099299
1151,2289.631988,2764.446555
1152,2288.979716,2763.794283
1153,2288.327918,2763.142485
1154,2287.676593,2762.49116
1155,2287.025741,2761.840308
1156,2286.375361,2761.189928
1157,2285.725455,2760.540022
1158,2285.076021,2759.890588
1159,2284.427061,2759.241628
1160,2283.778573,2758.59314
1161,2283.130559,2757.945126
1162,2282.483017,2757.297584
1163,2281.835948,2756.650515
1164,2281.189352,2756.003919
1165,2280.54323,2755.357797
1166,2279.89758,2754.712147
1167,2279.252403,2754.06697
1168,2278.607699,2753.422266
1169,2277.963468,2752.778035
1170,2277.31971,2752.134277
1171,2276.676424,2751.490991
1172,2276.033612,2750.848179
1173,2275.391273,2750.20584
1174,2274.749406,2749.563973
1175,2274.108013,2748.92258
1176,2273.467093,2748.28166
1177,2272.826645,2747.641212
1178,2272.186671,2747.001238
1179,2271.547169,2746.361736
1180,2270.90814,2745.722707
1181,2270.269584,2745.084151
1182,2269.631502,2744.446069
1183,2268.993892,2743.808459
1184,2268.356755,2743.171322
1185,2267.720091,2742.534658
1186,2267.0839,2741.898467
1187,2266.448182,2741.262749
1188,2265.812937,2740.627504
1189,2265.178165,2739.992732
1190,2264.543865,2739.358432
1191,2263.910039,2738.724606
1192,2263.276686,2738.091253
1193,2262.643805,2737.458372
1194,2262.011398,2736.825965
1195,2261.379463,2736.19403
1196,2260.748002,2735.562569
1197,2260.117013,2734.93158
1198,2259.486498,2734.301065
1199,2258.856455,2733.671022
1200,2258.226885,2733.041452
1201,2257.597788,2732.412355
1202,2256.969164,2731.783731
1203,2256.341013,2731.15558
1204,2255.713335,2730.527902
1205,2255.08613,2729.900697
1206,2254.459398,2729.273965
1207,2253.833139,2728.647706
1208,2253.207353,2728.02192
1209,2252.582039,2727.396606
1210,2251.957199,2726.771766
1211,2251.332832,2726.147399
1212,2250.708937,2725.523504
1213,2250.085516,2724.900083
1214,2249.462567,2724.277134
1215,2248.840092,2723.654659
1216,2248.218089,2723.032656
1217,2247.596559,2722.411126
1218,2246.975502,2721.790069
1219,2246.354919,2721.169486
1220,2245.734808,2720.549375
1221,2245.11517,2719.929737
1222,2244.496005,2719.310572
1223,2243.877313,2718.69188
1224,2243.259094,2718.073661
1225,2242.641347,2717.455914
1226,2242.024074,2716.838641
1227,2241.407274,2716.221841
1228,2240.790947,2715.605514
1229,2240.175092,2714.989659
1230,2239.559711,2714.374278
1231,2238.944802,2713.759369
1232,2238.330367,2713.144934
1233,2237.716404,2712.530971
1234,2237.102914,2711.917481
1235,2236.489898,2711.304465
1236,2235.877354,2710.691921
1237,2235.265283,2710.07985
1238,2234.653685,2709.468252
1239,2234.04256,2708.857127
1240,2233.431908,2708.246475
1241,2232.821729,2707.636296
1242,2232.212023,2707.02659
1243,2231.60279,2706.417357
1244,2230.99403,2705.808597
1245,2230.385743,2705.20031
1246,2229.777928,2704.592495
1247,2229.170587,2703.985154
1248,2228.563718,2703.378285
1249,2227.957323,2702.77189
1250,2227.3514,2702.165967
1251,2226.745951,2701.560518
1252,2226.140974,2700.955541
1253,2225.53647,2700.351037
1254,2224.93244,2699.747007
1255,2224.328882,2699.143449
1256,2223.725797,2698.540364
1257,2223.123185,2697.937752
1258,2222.521046,2697.335613
1259,2221.91938,2696.733947
1260,2221.318187,2696.132754
1261,2220.717467,2695.532034
1262,2220.11722,2694.931787
1263,2219.517445,2694.332012
1264,2218.918144,2693.732711
1265,2218.319316,2693.133883
1266,2217.72096,2692.535527
1267,2217.123078,2691.937645
1268,2216.525668,2691.340235
1269,2215.928732,2690.743299
1270,2215.332268,2690.146835
1271,2214.736277,2689.550844
1272,2214.140759,2688.955326
1273,2213.545715,2688.360282
1274,2212.951143,2687.76571
1275,2212.357044,2687.171611
1276,2211.763418,2686.577985
1277,2211.170265,2685.984832
1278,2210.577585,2685.392152
1279,2209.985378,2684.799945
1280,2209.393643,2684.20821
1281,2208.802382,2683.616949
1282,2208.211594,2683.026161
1283,2207.621278,2682.435845
1284,2207.031436,2681.846003
1285,2206.442067,2681.256634
1286,2205.85317,2680.667737
1287,2205.264746,2680.079313
1288,2204.676796,2679.491363
1289,2204.089318,2678.903885
1290,2203.502313,2678.31688
1291,2202.915781,2677.730348
1292,2202.329723,2677.14429
1293,2201.744137,2676.558704
1294,2201.159024,2675.973591
1295,2200.574384,2675.388951
1296,2199.990217,2674.804784
1297,2199.406522,2674.221089
1298,2198.823301,2673.637868
1299,2198.240553,2673.05512
1300,2197.658278,2672.472845
1301,2197.076475,2671.891042
1302,2196.495146,2671.309713
1303,2195.914289,2670.728856
1304,2195.333906,2670.148473
1305,2194.753995,2669.568562
1306,2194.174558,2668.989125
1307,2193.595593,2668.41016
1308,2193.017101,2667.831668
1309,2192.439082,2667.253649
1310,2191.861537,2666.676104
1311,2191.284464,2666.099031
1312,2190.707864,2665.522431
1313,2190.131737,2664.946304
1314,2189.556083,2664.37065
1315,2188.980901,2663.795468
1316,2188.406193,2663.22076
1317,2187.831958,2662.646525
1318,2187.258196,2662.072763
1319,2186.684906,2661.499473
1320,2186.11209,2660.926657
1321,2185.539747,2660.354314
1322,2184.967876,2659.782443
1323,2184.396478,2659.211045
1324,2183.825554,2658.640121
1325,2183.255102,2658.069669
1326,2182.685123,2657.49969
1327,2182.115618,2656.930185
1328,2181.546585,2656.361152
1329,2180.978025,2655.792592
1330,2180.409938,2655.224505
1331,2179.842324,2654.656891
1332,2179.275183,2654.08975
1333,2178.708515,2653.523082
1334,2178.142319,2652.956886
1335,2177.576597,2652.391164
1336,2177.011348,2651.825915
1337,2176.446572,2651.261139
1338,2175.882268,2650.696835
1339,2175.318438,2650.133005
1340,2174.75508,2649.569647
1341,2174.192196,2649.006763
1342,2173.629784,2648.444351
1343,2173.067845,2647.882412
1344,2172.50638,2647.320947
1345,2171.945387,2646.759954
1346,2171.384867,2646.199434
1347,2170.82482,2645.639387
1348,2170.265246,2645.079813
1349,2169.706145,2644.520712
1350,2169.147517,2643.962084
1351,2168.589362,2643.403929
1352,2168.03168,2642.846247
1353,2167.47447,2642.289037
1354,2166.917734,2641.732301
1355,2166.361471,2641.176038
1356,2165.80568,2640.620247
1357,2165.250363,2640.06493
1358,2164.695518,2639.510085
1359,2164.141147,2638.955714
1360,2163.587248,2638.401815
1361,2163.033823,2637.84839
1362,2162.48087,2637.295437
1363,2161.92839,2636.742957
1364,2161.376383,2636.19095
1365,2160.824849,2635.639416
1366,2160.273788,2635.088355
1367,2159.7232,2634.537767
1368,2159.173085,2633.987652
1369,2158.623443,2633.43801
1370,2158.074274,2632.888841
1371,2157.525578,2632.340145
1372,2156.977355,2631.791922
1373,2156.429604,2631.244171
1374,2155.882327,2630.696894
1375,2155.335522,2630.150089
1376,2154.789191,2629.603758
1377,2154.243332,2629.057899
1378,2153.697947,2628.512514
1379,2153.153034,2627.967601
1380,2152.608594,2627.423161
1381,2152.064628,2626.879195
1382,2151.521134,2626.335701
1383,2150.978113,2625.79268
1384,2150.435565,2625.250132
1385,2149.89349,2624.708057
1386,2149.351888,2624.166455
1387,2148.810759,2623.625326
1388,2148.270103,2623.08467
1389,2147.729919,2622.544486
1390,2147.190209,2622.004776
1391,2146.650972,2621.465539
1392,2146.112207,2620.926774
1393,2145.573916,2620.388483
1394,2145.036097,2619.850664
1395,2144.498752,2619.313319
1396,2143.961879,2618.776446
1397,2143.42548,2618.240047
1398,2142.889553,2617.70412
1399,2142.354099,2617.168666
1400,2141.819118,2616.633685
1401,2141.28461,2616.099177
1402,2140.750575,2615.565142
1403,2140.217013,2615.03158
1404,2139.683924,2614.498491
1405,2139.151308,2613.965875
1406,2138.619165,2613.433732
1407,2138.087495,2612.902062
1408,2137.556298,2612.370865
1409,2137.025573,2611.84014
1410,2136.495322,2611.309889
1411,2135.965544,2610.780111
1412,2135.436238,2610.250805
1413,2134.907405,2609.721972
1414,2134.379046,2609.193613
1415,2133.851159,2608.665726
1416,2133.323746,2608.138313
1417,2132.796805,2607.611372
1418,2132.270337,2607.084904
1419,2131.744342,2606.558909
1420,2131.21882,2606.033387
1421,2130.693771,2605.508338
1422,2130.169195,2604.983762
1423,2129.645092,2604.459659
1424,2129.121462,2603.936029
1425,2128.598305,2603.412872
1426,2128.07562,2602.890187
1427,2127.553409,2602.367976
1428,2127.031671,2601.846238
1429,2126.510405,2601.324972
1430,2125.989613,2600.80418
1431,2125.469293,2600.28386
1432,2124.949447,2599.764014
1433,2124.430073,2599.24464
1434,2123.911172,2598.725739
1435,2123.392745,2598.207312
1436,2122.87479,2597.689357
1437,2122.357308,2597.171875
1438,2121.840299,2596.654866
1439,2121.323763,2596.13833
1440,2120.8077,2595.622267
1441,2120.29211,2595.106677
1442,2119.776993,2594.59156
1443,2119.262348,2594.076915
1444,2118.748177,2593.562744
1445,2118.234479,2593.049046
1446,2117.721254,2592.535821
1447,2117.208501,2592.023068
1448,2116.696222,2591.510789
1449,2116.184415,2590.998982
1450,2115.673081,2590.487648
1451,2115.162221,2589.976788
1452,2114.651833,2589.4664
1453,2114.141918,2588.956485
1454,2113.632477,2588.447044
1455,2113.123508,2587.938075
1456,2112.615012,2587.429579
1457,2112.106989,2586.921556
1458,2111.599439,2586.414006
1459,2111.092362,2585.906929
1460,2110.585758,2585.400325
1461,2110.079626,2584.894193
1462,2109.573968,2584.388535
1463,2109.068783,2583.88335
1464,2108.56407,2583.378637
1465,2108.059831,2582.874398
1466,2107.556065,2582.370632
1467,2107.052771,2581.867338
1468,2106.54995,2581.364517
1469,2106.047603,2580.86217
1470,2105.545728,2580.360295
1471,2105.044326,2579.858893
1472,2104.543398,2579.357965
1473,2104.042942,2578.857509
1474,2103.542959,2578.357526
1475,2103.043449,2577.858016
1476,2102.544412,2577.358979
1477,2102.045848,2576.860415
1478,2101.547757,2576.362324
1479,2101.050138,2575.864705
1480,2100.552993,2575.36756
1481,2100.056321,2574.870888
1482,2099.560122,2574.374689
1483,2099.064395,2573.878962
1484,2098.569142,2573.383709
1485,2098.074361,2572.888928
1486,2097.580054,2572.394621
1487,2097.086219,2571.900786
1488,2096.592857,2571.407424
1489,2096.099968,2570.914535
1490,2095.607553,2570.42212
1491,2095.11561,2569.930177
1492,2094.62414,2569.438707
1493,2094.133143,2568.94771
1494,2093.642619,2568.457186
1495,2093.152568,2567.967135
1496,2092.66299,2567.477557
1497,2092.173885,2566.988452
1498,2091.685252,2566.499819
1499,2091.197093,2566.01166
1500,2090.709407,2565.523974
1501,2090.222193,2565.03676
1502,2089.735453,2564.55002
1503,2089.249185,2564.063752
1504,2088.763391,2563.577958
1505,2088.278069,2563.092636
1506,2087.79322,2562.607787
1507,2087.308845,2562.123412
1508,2086.824942,2561.639509
1509,2086.341512,2561.156079
1510,2085.858555,2560.673122
1511,2085.376071,2560.190638
1512,2084.89406,2559.708627
1513,2084.412522,2559.227089
1514,2083.931457,2558.746024
1515,2083.450865,2558.265432
1516,2082.970746,2557.785313
1517,2082.491099,2557.305666
1518,2082.011926,2556.826493
1519,2081.533226,2556.347793
1520,2081.054998,2555.869565
1521,2080.577244,2555.391811
1522,2080.099962,2554.914529
1523,2079.623153,2554.43772
1524,2079.146818,2553.961385
1525,2078.670955,2553.485522
1526,2078.195565,2553.010132
1527,2077.720648,2552.535215
1528,2077.246204,2552.060771
1529,2076.772234,2551.586801
1530,2076.298736,2551.113303
1531,2075.82571,2550.640277
1532,2075.353158,2550.167725
1533,2074.881079,2549.695646
1534,2074.409473,2549.22404
1535,2073.93834,2548.752907
1536,2073.467679,2548.282246
1537,2072.997492,2547.812059
1538,2072.527778,2547.342345
1539,2072.058536,2546.873103
1540,2071.589767,2546.404334
1541,2071.121472,2545.936039
1542,2070.653649,2545.468216
1543,2070.186299,2545.000866
1544,2069.719423,2544.53399
1545,2069.253019,2544.067586
1546,2068.787088,2543.601655
1547,2068.32163,2543.136197
1548,2067.856645,2542.671212
1549,2067.392133,2542.2067
1550,2066.928094,2541.742661
1551,2066.464528,2541.279095
1552,2066.001434,2540.816001
1553,2065.538814,2540.353381
1554,2065.076667,2539.891234
1555,2064.614992,2539.429559
1556,2064.153791,2538.968358
1557,2063.693063,2538.50763
1558,2063.232807,2538.047374
1559,2062.773024,2537.587591
1560,2062.313715,2537.128282
1561,2061.854878,2536.669445
1562,2061.396514,2536.211081
1563,2060.938623,2535.75319
1564,2060.481206,2535.295773
1565,2060.024261,2534.838828
1566,2059.567789,2534.382356
1567,2059.11179,2533.926357
1568,2058.656263,2533.47083
1569,2058.20121,2533.015777
1570,2057.74663,2532.561197
1571,2057.292523,2532.10709
1572,2056.838888,2531.653455
1573,2056.385727,2531.200294
1574,2055.933039,2530.747606
1575,2055.480823,2530.29539
1576,2055.029081,2529.843648
1577,2054.577811,2529.392378
1578,2054.127014,2528.941581
1579,2053.676691,2528.491258
1580,2053.22684,2528.041407
1581,2052.777462,2527.592029
1582,2052.328557,2527.143124
1583,2051.880125,2526.694692
1584,2051.432166,2526.246733
1585,2050.98468,2525.799247
1586,2050.537667,2525.352234
1587,2050.091127,2524.905694
1588,2049.64506,2524.459627
1589,2049.199465,2524.014032
1590,2048.754344,2523.568911
1591,2048.309696,2523.124263
1592,2047.86552,2522.680087
1593,2047.421818,2522.236385
1594,2046.978588,2521.793155
1595,2046.535832,2521.350399
1596,2046.093548,2520.908115
1597,2045.651737,2520.466304
1598,2045.2104,2520.024967
1599,2044.769535,2519.584102
1600,2044.329143,2519.14371
1601,2043.889224,2518.703791
1602,2043.449778,2518.264345
1603,2043.010805,2517.825372
1604,2042.572305,2517.386872
1605,2042.134278,2516.948845
1606,2041.696724,2516.511291
1607,2041.259642,2516.074209
1608,2040.823034,2515.637601
1609,2040.386899,2515.201466
1610,2039.951236,2514.765803
1611,2039.516047,2514.330614
1612,2039.08133,2513.895897
1613,2038.647087,2513.461654
1614,2038.213316,2513.027883
1615,2037.780018,2512.594585
1616,2037.347194,2512.161761
1617,2036.914842,2511.729409
1618,2036.482963,2511.29753
1619,2036.051557,2510.866124
1620,2035.620624,2510.435191
1621,2035.190164,2510.004731
1622,2034.760177,2509.574744
1623,2034.330663,2509.14523
1624,2033.901622,2508.716189
1625,2033.473053,2508.28762
1626,2033.044958,2507.859525
1627,2032.617336,2507.431903
1628,2032.190186,2507.004753
1629,2031.76351,2506.578077
1630,2031.337306,2506.151873
1631,2030.911576,2505.726143
1632,2030.486318,2505.300885
1633,2030.061533,2504.8761
1634,2029.637222,2504.451789
1635,2029.213383,2504.02795
1636,2028.790017,2503.604584
1637,2028.367124,2503.181691
1638,2027.944704,2502.759271
1639,2027.522757,2502.337324
1640,2027.101283,2501.91585
1641,2026.680282,2501.494849
1642,2026.259754,2501.074321
1643,2025.839698,2500.654265
1644,2025.420116,2500.234683
1645,2025.001007,2499.815574
1646,2024.58237,2499.396937
1647,2024.164207,2498.978774
1648,2023.746516,2498.561083
1649,2023.329299,2498.143866
1650,2022.912554,2497.727121
1651,2022.496282,2497.310849
1652,2022.080484,2496.895051
1653,2021.665158,2496.479725
1654,2021.250305,2496.064872
1655,2020.835925,2495.650492
1656,2020.422018,2495.236585
1657,2020.008584,2494.823151
1658,2019.595623,2494.41019
1659,2019.183135,2493.997702
1660,2018.77112,2493.585687
1661,2018.359577,2493.174144
1662,2017.948508,2492.763075
1663,2017.537912,2492.352479
1664,2017.127788,2491.942355
1665,2016.718138,2491.532705
1666,2016.30896,2491.123527
1667,2015.900256,2490.714823
1668,2015.492024,2490.306591
1669,2015.084266,2489.898833
1670,2014.67698,2489.491547
1671,2014.270167,2489.084734
1672,2013.863827,2488.678394
1673,2013.45796,2488.272527
1674,2013.052566,2487.867133
1675,2012.647645,2487.462212
1676,2012.243197,2487.057764
1677,2011.839222,2486.653789
1678,2011.43572,2486.250287
1679,2011.032691,2485.847258
1680,2010.630134,2485.444701
1681,2010.228051,2485.042618
1682,2009.826441,2484.641008
1683,2009.425303,2484.23987
1684,2009.024639,2483.839206
1685,2008.624447,2483.439014
1686,2008.224729,2483.039296
1687,2007.825483,2482.64005
1688,2007.42671,2482.241277
1689,2007.02841,2481.842977
1690,2006.630584,2481.445151
1691,2006.23323,2481.047797
1692,2005.836349,2480.650916
1693,2005.439941,2480.254508
1694,2005.044006,2479.858573
1695,2004.648543,2479.46311
1696,2004.253554,2479.068121
1697,2003.859038,2478.673605
1698,2003.464995,2478.279562
1699,2003.071424,2477.885991
1700,2002.678327,2477.492894
1701,2002.285703,2477.10027
1702,2001.893551,2476.708118
1703,2001.501873,2476.31644
1704,2001.110667,2475.925234
1705,2000.719934,2475.534501
1706,2000.329675,2475.144242
1707,1999.939888,2474.754455
1708,1999.550574,2474.365141
1709,1999.161733,2473.9763
1710,1998.773365,2473.587932
1711,1998.38547,2473.200037
1712,1997.998048,2472.812615
1713,1997.611099,2472.425666
1714,1997.224623,2472.03919
1715,1996.83862,2471.653187
1716,1996.453089,2471.267656
1717,1996.068032,2470.882599
1718,1995.683448,2470.498015
1719,1995.299336,2470.113903
1720,1994.915698,2469.730265
1721,1994.532532,2469.347099
1722,1994.14984,2468.964407
1723,1993.76762,2468.582187
1724,1993.385873,2468.20044
1725,1993.004599,2467.819166
1726,1992.623799,2467.438366
1727,1992.243471,2467.058038
1728,1991.863616,2466.678183
1729,1991.484234,2466.298801
1730,1991.105325,2465.919892
1731,1990.726889,2465.541456
1732,1990.348925,2465.163492
1733,1989.971435,2464.786002
1734,1989.594418,2464.408985
1735,1989.217874,2464.032441
1736,1988.841802,2463.656369
1737,1988.466204,2463.280771
1738,1988.091078,2462.905645
1739,1987.716426,2462.530993
1740,1987.342246,2462.156813
1741,1986.968539,2461.783106
1742,1986.595306,2461.409873
1743,1986.222545,2461.037112
1744,1985.850257,2460.664824
1745,1985.478442,2460.293009
1746,1985.1071,2459.921667
1747,1984.736231,2459.550798
1748,1984.365835,2459.180402
1749,1983.995912,2458.810479
1750,1983.626462,2458.441029
1751,1983.257485,2458.072052
1752,1982.888981,2457.703548
1753,1982.520949,2457.335516
1754,1982.153391,2456.967958
1755,1981.786306,2456.600873
1756,1981.419693,2456.23426
1757,1981.053553,2455.86812
1758,1980.687887,2455.502454
1759,1980.322693,2455.13726
1760,1979.957973,2454.77254
1761,1979.593725,2454.408292
1762,1979.22995,2454.044517
1763,1978.866648,2453.681215
1764,1978.503819,2453.318386
1765,1978.141463,2452.95603
1766,1977.77958,2452.594147
1767,1977.41817,2452.232737
1768,1977.057233,2451.8718
1769,1976.696769,2451.511336
1770,1976.336777,2451.151344
1771,1975.977259,2450.791826
1772,1975.618214,2450.432781
1773,1975.259641,2450.074208
1774,1974.901542,2449.716109
1775,1974.543915,2449.358482
1776,1974.186762,2449.001329
1777,1973.830081,2448.644648
1778,1973.473873,2448.28844
1779,1973.118139,2447.932706
1780,1972.762877,2447.577444
1781,1972.408088,2447.222655
1782,1972.053772,2446.868339
1783,1971.699929,2446.514496
1784,1971.346559,2446.161126
1785,1970.993662,2445.808229
1786,1970.641238,2445.455805
1787,1970.289287,2445.103854
1788,1969.937808,2444.752375
1789,1969.586803,2444.40137
1790,1969.236271,2444.050838
1791,1968.886211,2443.700778
1792,1968.536625,2443.351192
1793,1968.187511,2443.002078
1794,1967.838871,2442.653438
1795,1967.490703,2442.30527
1796,1967.143008,2441.957575
1797,1966.795787,2441.610354
1798,1966.449038,2441.263605
1799,1966.102762,2440.917329
1800,1965.756959,2440.571526
1801,1965.411629,2440.226196
1802,1965.066772,2439.881339
1803,1964.722388,2439.536955
1804,1964.378477,2439.193044
1805,1964.035039,2438.849606
1806,1963.692073,2438.50664
1807,1963.349581,2438.164148
1808,1963.007562,2437.822129
1809,1962.666015,2437.480582
1810,1962.324942,2437.139509
1811,1961.984341,2436.798908
1812,1961.644214,2436.458781
1813,1961.304559,2436.119126
1814,1960.965378,2435.779945
1815,1960.626669,2435.441236
1816,1960.288433,2435.103
1817,1959.95067,2434.765237
1818,1959.61338,2434.427947
1819,1959.276563,2434.09113
1820,1958.940219,2433.754786
1821,1958.604348,2433.418915
1822,1958.26895,2433.083517
1823,1957.934025,2432.748592
1824,1957.599573,2432.41414
1825,1957.265593,2432.08016
1826,1956.932087,2431.746654
1827,1956.599054,2431.413621
1828,1956.266493,2431.08106
1829,1955.934406,2430.748973
1830,1955.602791,2430.417358
1831,1955.271649,2430.086216
1832,1954.940981,2429.755548
1833,1954.610785,2429.425352
1834,1954.281062,2429.095629
1835,1953.951812,2428.766379
1836,1953.623035,2428.437602
1837,1953.294731,2428.109298
1838,1952.9669,2427.781467
1839,1952.639542,2427.454109
1840,1952.312657,2427.127224
1841,1951.986245,2426.800812
1842,1951.660306,2426.474873
1843,1951.33484,2426.149407
1844,1951.009846,2425.824413
1845,1950.685326,2425.499893
1846,1950.361278,2425.175845
1847,1950.037704,2424.852271
1848,1949.714602,2424.529169
1849,1949.391974,2424.206541
1850,1949.069818,2423.884385
1851,1948.748135,2423.562702
1852,1948.426926,2423.241493
1853,1948.106189,2422.920756
1854,1947.785925,2422.600492
1855,1947.466134,2422.280701
1856,1947.146816,2421.961383
1857,1946.827971,2421.642538
1858,1946.509599,2421.324166
1859,1946.191699,2421.006266
1860,1945.874273,2420.68884
1861,1945.55732,2420.371887
1862,1945.24084,2420.055407
1863,1944.924832,2419.739399
1864,1944.609298,2419.423865
1865,1944.294236,2419.108803
1866,1943.979648,2418.794215
1867,1943.665532,2418.480099
1868,1943.351889,2418.166456
1869,1943.03872,2417.853287
1870,1942.726023,2417.54059
1871,1942.413799,2417.228366
1872,1942.102048,2416.916615
1873,1941.79077,2416.605337
1874,1941.479965,2416.294532
1875,1941.169633,2415.9842
1876,1940.859774,2415.674341
1877,1940.550388,2415.364955
1878,1940.241475,2415.056042
1879,1939.933034,2414.747601
1880,1939.625067,2414.439634
1881,1939.317573,2414.13214
1882,1939.010551,2413.825118
1883,1938.704003,2413.51857
1884,1938.397927,2413.212494
1885,1938.092325,2412.906892
1886,1937.787195,2412.601762
1887,1937.482538,2412.297105
1888,1937.178355,2411.992922
1889,1936.874644,2411.689211
1890,1936.571406,2411.385973
1891,1936.268641,2411.083208
1892,1935.966349,2410.780916
1893,1935.66453,2410.479097
1894,1935.363184,2410.177751
1895,1935.062311,2409.876878
1896,1934.76191,2409.576477
1897,1934.461983,2409.27655
1898,1934.162529,2408.977096
1899,1933.863547,2408.678114
1900,1933.565039,2408.379606
1901,1933.267003,2408.08157
1902,1932.969441,2407.784008
1903,1932.672351,2407.486918
1904,1932.375735,2407.190302
1905,1932.079591,2406.894158
1906,1931.78392,2406.598487
1907,1931.488722,2406.303289
1908,1931.193997,2406.008564
1909,1930.899746,2405.714313
1910,1930.605967,2405.420534
1911,1930.312661,2405.127228
1912,1930.019827,2404.834394
1913,1929.727467,2404.542034
1914,1929.43558,2404.250147
1915,1929.144166,2403.958733
1916,1928.853224,2403.667791
1917,1928.562756,2403.377323
1918,1928.272761,2403.087328
1919,1927.983238,2402.797805
1920,1927.694189,2402.508756
1921,1927.405612,2402.220179
1922,1927.117508,2401.932075
1923,1926.829878,2401.644445
1924,1926.54272,2401.357287
1925,1926.256035,2401.070602
1926,1925.969823,2400.78439
1927,1925.684084,2400.498651
1928,1925.398818,2400.213385
1929,1925.114025,2399.928592
1930,1924.829705,2399.644272
1931,1924.545858,2399.360425
1932,1924.262484,2399.077051
1933,1923.979583,2398.79415
1934,1923.697154,2398.511721
1935,1923.415199,2398.229766
1936,1923.133717,2397.948284
1937,1922.852707,2397.667274
1938,1922.572171,2397.386738
1939,1922.292107,2397.106674
1940,1922.012516,2396.827083
1941,1921.733399,2396.547966
1942,1921.454754,2396.269321
1943,1921.176582,2395.991149
1944,1920.898883,2395.71345
1945,1920.621657,2395.436224
1946,1920.344904,2395.159471
1947,1920.068624,2394.883191
1948,1919.792817,2394.607384
1949,1919.517483,2394.33205
1950,1919.242622,2394.057189
1951,1918.968234,2393.782801
1952,1918.694318,2393.508885
1953,1918.420876,2393.235443
1954,1918.147906,2392.962473
1955,1917.87541,2392.689977
1956,1917.603386,2392.417953
1957,1917.331836,2392.146403
1958,1917.060758,2391.875325
1959,1916.790154,2391.604721
1960,1916.520022,2391.334589
1961,1916.250363,2391.06493
1962,1915.981177,2390.795744
1963,1915.712464,2390.527031
1964,1915.444224,2390.258791
1965,1915.176457,2389.991024
1966,1914.909163,2389.72373
1967,1914.642342,2389.456909
1968,1914.375994,2389.190561
1969,1914.110119,2388.924686
1970,1913.844716,2388.659283
1971,1913.579787,2388.394354
1972,1913.315331,2388.129898
1973,1913.051347,2387.865914
1974,1912.787837,2387.602404
1975,1912.524799,2387.339366
1976,1912.262234,2387.076801
1977,1912.000143,2386.81471
1978,1911.738524,2386.553091
1979,1911.477378,2386.291945
1980,1911.216705,2386.031272
1981,1910.956505,2385.771072
1982,1910.696778,2385.511345
1983,1910.437524,2385.252091
1984,1910.178743,2384.99331
1985,1909.920435,2384.735002
1986,1909.6626,2384.477167
1987,1909.405238,2384.219805
1988,1909.148348,2383.962915
1989,1908.891932,2383.706499
1990,1908.635989,2383.450556
1991,1908.380518,2383.195085
1992,1908.125521,2382.940088
1993,1907.870996,2382.685563
1994,1907.616945,2382.431512
1995,1907.363366,2382.177933
1996,1907.11026,2381.924827
1997,1906.857627,2381.672194
1998,1906.605468,2381.420035
1999,1906.353781,2381.168348
2000,1906.102567,2380.917134
2001,1905.851826,2380.666393
2002,1905.601558,2380.416125
2003,1905.351762,2380.166329
2004,1905.10244,2379.917007
2005,1904.853591,2379.668158
2006,1904.605215,2379.419782
2007,1904.357311,2379.171878
2008,1904.109881,2378.924448
2009,1903.862924,2378.677491
2010,1903.616439,2378.431006
2011,1903.370427,2378.184994
2012,1903.124889,2377.939456
2013,1902.879823,2377.69439
2014,1902.63523,2377.449797
2015,1902.391111,2377.205678
2016,1902.147464,2376.962031
2017,1901.90429,2376.718857
2018,1901.661589,2376.476156
2019,1901.419361,2376.233928
2020,1901.177606,2375.992173
2021,1900.936324,2375.750891
2022,1900.695515,2375.510082
2023,1900.455178,2375.269745
2024,1900.215315,2375.029882
2025,1899.975925,2374.790492
2026,1899.737007,2374.551574
2027,1899.498563,2374.31313
2028,1899.260591,2374.075158
2029,1899.023093,2373.83766
2030,1898.786067,2373.600634
2031,1898.549515,2373.364082
2032,1898.313435,2373.128002
2033,1898.077828,2372.892395
2034,1897.842694,2372.657261
2035,1897.608033,2372.4226
2036,1897.373845,2372.188412
2037,1897.14013,2371.954697
2038,1896.906888,2371.721455
2039,1896.674119,2371.488686
2040,1896.441823,2371.25639
2041,1896.21,2371.024567
2042,1895.97865,2370.793217
2043,1895.747772,2370.562339
2044,1895.517368,2370.331935
2045,1895.287436,2370.102003
2046,1895.057978,2369.872545
2047,1894.828992,2369.643559
2048,1894.60048,2369.415047
2049,1894.37244,2369.187007
2050,1894.144873,2368.95944
2051,1893.91778,2368.732347
2052,1893.691159,2368.505726
2053,1893.465011,2368.279578
2054,1893.239336,2368.053903
2055,1893.014134,2367.828701
2056,1892.789405,2367.603972
2057,1892.565149,2367.379716
2058,1892.341366,2367.155933
2059,1892.118056,2366.932623
2060,1891.895218,2366.709785
2061,1891.672854,2366.487421
2062,1891.450963,2366.26553
2063,1891.229544,2366.044111
2064,1891.008599,2365.823166
2065,1890.788126,2365.602693
2066,1890.568126,2365.382693
2067,1890.3486,2365.163167
2068,1890.129546,2364.944113
2069,1889.910965,2364.725532
2070,1889.692858,2364.507425
2071,1889.475223,2364.28979
2072,1889.258061,2364.072628
2073,1889.041372,2363.855939
2074,1888.825156,2363.639723
2075,1888.609413,2363.42398
2076,1888.394142,2363.208709
2077,1888.179345,2362.993912
2078,1887.965021,2362.779588
2079,1887.75117,2362.565737
2080,1887.537791,2362.352358
2081,1887.324886,2362.139453
2082,1887.112453,2361.92702
2083,1886.900494,2361.715061
2084,1886.689007,2361.503574
2085,1886.477994,2361.292561
2086,1886.267453,2361.08202
2087,1886.057385,2360.871952
2088,1885.84779,2360.662357
2089,1885.638668,2360.453235
2090,1885.43002,2360.244587
2091,1885.221844,2360.036411
2092,1885.01414,2359.828707
2093,1884.80691,2359.621477
2094,1884.600153,2359.41472
2095,1884.393869,2359.208436
2096,1884.188058,2359.002625
2097,1883.982719,2358.797286
2098,1883.777854,2358.592421
2099,1883.573462,2358.388029
2100,1883.369542,2358.184109
2101,1883.166096,2357.980663
2102,1882.963122,2357.777689
2103,1882.760621,2357.575188
2104,1882.558594,2357.373161
2105,1882.357039,2357.171606
2106,1882.155957,2356.970524
2107,1881.955348,2356.769915
2108,1881.755212,2356.569779
2109,1881.555549,2356.370116
2110,1881.356359,2356.170926
2111,1881.157642,2355.972209
2112,1880.959398,2355.773965
2113,1880.761627,2355.576194
2114,1880.564329,2355.378896
2115,1880.367503,2355.18207
2116,1880.171151,2354.985718
2117,1879.975272,2354.789839
2118,1879.779865,2354.594432
2119,1879.584932,2354.399499
2120,1879.390471,2354.205038
2121,1879.196483,2354.01105
2122,1879.002969,2353.817536
2123,1878.809927,2353.624494
2124,1878.617358,2353.431925
2125,1878.425262,2353.239829
2126,1878.233639,2353.048206
2127,1878.042489,2352.857056
2128,1877.851812,2352.666379
2129,1877.661608,2352.476175
2130,1877.471877,2352.286444
2131,1877.282619,2352.097186
2132,1877.093834,2351.908401
2133,1876.905521,2351.720088
2134,1876.717682,2351.532249
2135,1876.530316,2351.344883
2136,1876.343422,2351.157989
2137,1876.157002,2350.971569
2138,1875.971054,2350.785621
2139,1875.78558,2350.600147
2140,1875.600578,2350.415145
2141,1875.416049,2350.230616
2142,1875.231993,2350.04656
2143,1875.04841,2349.862977
2144,1874.865301,2349.679868
2145,1874.682664,2349.497231
2146,1874.5005,2349.315067
2147,1874.318808,2349.133375
2148,1874.13759,2348.952157
2149,1873.956845,2348.771412
2150,1873.776573,2348.59114
2151,1873.596774,2348.411341
2152,1873.417447,2348.232014
2153,1873.238594,2348.053161
2154,1873.060213,2347.87478
2155,1872.882306,2347.696873
2156,1872.704871,2347.519438
2157,1872.52791,2347.342477
2158,1872.351421,2347.165988
2159,1872.175405,2346.989972
2160,1871.999863,2346.81443
2161,1871.824793,2346.63936
2162,1871.650196,2346.464763
2163,1871.476072,2346.290639
2164,1871.302421,2346.116988
2165,1871.129243,2345.94381
2166,1870.956538,2345.771105
2167,1870.784305,2345.598872
2168,1870.612546,2345.427113
2169,1870.44126,2345.255827
2170,1870.270447,2345.085014
2171,1870.100106,2344.914673
2172,1869.930239,2344.744806
2173,1869.760844,2344.575411
2174,1869.591923,2344.40649
2175,1869.423474,2344.238041
2176,1869.255498,2344.070065
2177,1869.087996,2343.902563
2178,1868.920966,2343.735533
2179,1868.754409,2343.568976
2180,1868.588325,2343.402892
2181,1868.422714,2343.237281
2182,1868.257576,2343.072143
2183,1868.092911,2342.907478
2184,1867.928719,2342.743286
2185,1867.765,2342.579567
2186,1867.601754,2342.416321
2187,1867.43898,2342.253547
2188,1867.27668,2342.091247
2189,1867.114853,2341.92942
2190,1866.953498,2341.768065
2191,1866.792617,2341.607184
2192,1866.632208,2341.446775
2193,1866.472272,2341.286839
2194,1866.31281,2341.127377
2195,1866.15382,2340.968387
2196,1865.995303,2340.80987
2197,1865.837259,2340.651826
2198,1865.679689,2340.494256
2199,1865.522591,2340.337158
2200,1865.365966,2340.180533
2201,1865.209814,2340.024381
2202,1865.054134,2339.868701
2203,1864.898928,2339.713495
2204,1864.744195,2339.558762
2205,1864.589935,2339.404502
2206,1864.436147,2339.250714
2207,1864.282833,2339.0974
2208,1864.129992,2338.944559
2209,1863.977623,2338.79219
2210,1863.825728,2338.640295
2211,1863.674305,2338.488872
2212,1863.523355,2338.337922
2213,1863.372879,2338.187446
2214,1863.222875,2338.037442
2215,1863.073344,2337.887911
2216,1862.924286,2337.738853
2217,1862.775701,2337.590268
2218,1862.627589,2337.442156
2219,1862.47995,2337.294517
2220,1862.332784,2337.147351
2221,1862.186091,2337.000658
2222,1862.039871,2336.854438
2223,1861.894123,2336.70869
2224,1861.748849,2336.563416
2225,1861.604048,2336.418615
2226,1861.459719,2336.274286
2227,1861.315864,2336.130431
2228,1861.172481,2335.987048
2229,1861.029572,2335.844139
2230,1860.887135,2335.701702
2231,1860.745171,2335.559738
2232,1860.603681,2335.418248
2233,1860.462663,2335.27723
2234,1860.322118,2335.136685
2235,1860.182046,2334.996613
2236,1860.042447,2334.857014
2237,1859.903321,2334.717888
2238,1859.764668,2334.579235
2239,1859.626488,2334.441055
2240,1859.48878,2334.303347
2241,1859.351546,2334.166113
2242,1859.214785,2334.029352
2243,1859.078496,2333.893063
2244,1858.942681,2333.757248
2245,1858.807339,2333.621906
2246,1858.672469,2333.487036
2247,1858.538072,2333.352639
2248,1858.404149,2333.218716
2249,1858.270698,2333.085265
2250,1858.13772,2332.952287
2251,1858.005215,2332.819782
2252,1857.873184,2332.687751
2253,1857.741625,2332.556192
2254,1857.610539,2332.425106
2255,1857.479926,2332.294493
2256,1857.349786,2332.164353
2257,1857.220118,2332.034685
2258,1857.090924,2331.905491
2259,1856.962203,2331.77677
2260,1856.833955,2331.648522
2261,1856.706179,2331.520746
2262,1856.578877,2331.393444
2263,1856.452047,2331.266614
2264,1856.325691,2331.140258
2265,1856.199807,2331.014374
2266,1856.074397,2330.888964
2267,1855.949459,2330.764026
2268,1855.824994,2330.639561
2269,1855.701002,2330.515569
2270,1855.577484,2330.392051
2271,1855.454438,2330.269005
2272,1855.331865,2330.146432
2273,1855.209765,2330.024332
2274,1855.088138,2329.902705
2275,1854.966983,2329.78155
2276,1854.846302,2329.660869
2277,1854.726094,2329.540661
2278,1854.606359,2329.420926
2279,1854.487096,2329.301663
2280,1854.368307,2329.182874
2281,1854.24999,2329.064557
2282,1854.132147,2328.946714
2283,1854.014776,2328.829343
2284,1853.897879,2328.712446
2285,1853.781454,2328.596021
2286,1853.665502,2328.480069
2287,1853.550023,2328.36459
2288,1853.435018,2328.249585
2289,1853.320485,2328.135052
2290,1853.206425,2328.020992
2291,1853.092838,2327.907405
2292,1852.979724,2327.794291
2293,1852.867082,2327.681649
2294,1852.754914,2327.569481
2295,1852.643219,2327.457786
2296,1852.531997,2327.346564
2297,1852.421247,2327.235814
2298,1852.310971,2327.125538
2299,1852.201167,2327.015734
2300,1852.091837,2326.906404
2301,1851.982979,2326.797546
2302,1851.874595,2326.689162
2303,1851.766683,2326.58125
2304,1851.659244,2326.473811
2305,1851.552279,2326.366846
2306,1851.445786,2326.260353
2307,1851.339766,2326.154333
2308,1851.234219,2326.048786
2309,1851.129145,2325.943712
2310,1851.024544,2325.839111
2311,1850.920416,2325.734983
2312,1850.81676,2325.631327
2313,1850.713578,2325.528145
2314,1850.610869,2325.425436
2315,1850.508633,2325.3232
2316,1850.406869,2325.221436
2317,1850.305579,2325.120146
2318,1850.204761,2325.019328
2319,1850.104417,2324.918984
2320,1850.004545,2324.819112
2321,1849.905146,2324.719713
2322,1849.806221,2324.620788
2323,1849.707768,2324.522335
2324,1849.609788,2324.424355
2325,1849.512281,2324.326848
2326,1849.415247,2324.229814
2327,1849.318686,2324.133253
2328,1849.222598,2324.037165
2329,1849.126983,2323.94155
2330,1849.031841,2323.846408
2331,1848.937171,2323.751738
2332,1848.842975,2323.657542
